review,sentiment
"One of the other reviewers has mentioned that after watching just 1 Oz episode you'll be hooked. They are right, as this is exactly what happened with me.<br /><br />The first thing that struck me about Oz was its brutality and unflinching scenes of violence, which set in right from",positive
"A wonderful little production. <br /><br />The filming technique is very unassuming- very old-time-BBC fashion and gives a comforting, and sometimes discomforting, sense of realism to the entire piece. <br /><br />The actors are extremely well chosen- Michael Sheen not only ""has got all the polari"" but he has all",positive
"I thought this was a wonderful way to spend time on a too hot summer weekend, sitting in the air conditioned theater and watching a light-hearted comedy. The plot is simplistic, but the dialogue is witty and the characters are likable (even the well bread suspected serial killer). While some",positive
"Petter Mattei's ""Love in the Time of Money"" is a visually stunning film to watch. Mr. Mattei offers us a vivid portrait about human relations. This is a movie that seems to be telling us what money, power and success do to people in the different situations we encounter. <br",positive
"Probably my all-time favorite movie, a story of selflessness, sacrifice and dedication to a noble cause, but it's not preachy or boring. It just never gets old, despite my having seen it some 15 or more times in the last 25 years. Paul Lukas' performance brings tears to my eyes,",positive
I sure would like to see a resurrection of a up dated Seahunt series with the tech they have today it would bring back the kid excitement in me.I grew up on black and white TV and Seahunt with Gunsmoke were my hero's every week.You have my vote for a,positive
"If you like original gut wrenching laughter you will like this movie. If you are young or old then you will love this movie, hell even my mom liked it.<br /><br />Great Camp!!!",positive
This a fantastic movie of three prisoners who become famous. One of the actors is george clooney and I'm not a fan but this roll is not bad. Another good thing about the movie is the soundtrack (The man of constant sorrow). I recommand this movie to everybody. Greetings Bart,positive
"Some films just simply should not be remade. This is one of them. In and of itself it is not a bad film. But it fails to capture the flavor and the terror of the 1963 film of the same title. Liam Neeson was excellent as he always is, and",positive
"I remember this film,it was the first film i had watched at the cinema the picture was dark in places i was very nervous it was back in 74/75 my Dad took me my brother & sister to Newbury cinema in Newbury Berkshire England. I recall the tigers and the",positive
"After the success of Die Hard and it's sequels it's no surprise really that in the 1990s, a glut of 'Die Hard on a .....' movies cashed in on the wrong guy, wrong place, wrong time concept. That is what they did with Cliffhanger, Die Hard on a mountain just",positive
"What an absolutely stunning movie, if you have 2.5 hrs to kill, watch it, you won't regret it, it's too much fun! Rajnikanth carries the movie on his shoulders and although there isn't anything more other than him, I still liked it. The music by A.R.Rehman takes time to grow",positive
"The Karen Carpenter Story shows a little more about singer Karen Carpenter's complex life. Though it fails in giving accurate facts, and details.<br /><br />Cynthia Gibb (portrays Karen) was not a fine election. She is a good actress , but plays a very naive and sort of dumb Karen Carpenter.",positive
"""The Cell"" is an exotic masterpiece, a dizzying trip into not only the vast mind of a serial killer, but also into one of a very talented director. This is conclusive evidence of what can be achieved if human beings unleash their uninhibited imaginations. This is boldness at work, pushing",positive
"'War movie' is a Hollywood genre that has been done and redone so many times that clichd dialogue, rehashed plot and over-the-top action sequences seem unavoidable for any conflict dealing with large-scale combat. Once in a while, however, a war movie comes along that goes against the grain and brings",positive
"Taut and organically gripping, Edward Dmytryk's Crossfire is a distinctive suspense thriller, an unlikely ""message"" movie using the look and devices of the noir cycle.<br /><br />Bivouacked in Washington, DC, a company of soldiers cope with their restlessness by hanging out in bars. Three of them end up at a",positive
"""Ardh Satya"" is one of the finest film ever made in Indian Cinema. Directed by the great director Govind Nihalani, this one is the most successful Hard Hitting Parallel Cinema which also turned out to be a Commercial Success. Even today, Ardh Satya is an inspiration for all leading directors",positive
"One of the most significant quotes from the entire film is pronounced halfway through by the protagonist, the mafia middle-man Titta Di Girolamo, a physically non-descript, middle-aged man originally from Salerno in Southern Italy. When we're introduced to him at the start of the film, he's been living a non-life",positive
"Okay, so this series kind of takes the route of 'here we go again!' Week in, week out David Morse's character helps out his ride who is in a bit of a pickle - but what's wrong with that!? David Morse is one of the greatest character actors out there,",positive
"This movie is based on the book, ""A Many Splendored Thing"" by Han Suyin and tackles issues of race relations between Asians and Whites, a topic that comes from Han's personal experiences as an Eurasian growing up in China. That background, and the beautiful Hong Kong settings, gives this love",positive
"This movie struck home for me. Being 29, I remember the '80's and my father working in a factory. I figured, if I worked hard too, if I had pride and never gave up I too could have the American Dream, the house, a few kids, a car all to",positive
"As a disclaimer, I've seen the movie 5-6 times in the last 15 years, and I only just saw the musical this week. This allowed me to judge the movie without being tainted by what was or wasn't in the musical (however, it tainted me when I watched the musical",positive
Preston Sturgis' THE POWER AND THE GLORY was unseen by the public for nearly twenty or thirty years until the late 1990s when it resurfaced and even showed up on television. In the meantime it had gained in notoriety because Pauline Kael's THE CITIZEN KANE BOOK had suggested that the,positive
"Return to the 36th Chamber is one of those classic Kung-Fu movies which Shaw produces back in the 70s and 80s, whose genre is equivalent to the spaghetti westerns of Hollywood, and the protagonist Gordon Liu, the counterpart to the western's Clint Eastwood. Digitally remastered and a new print made",positive
"***SPOILERS*** All too, in real life as well as in the movies, familiar story that happens to many young men who are put in a war zone with a gun, or rifle, in their hands. The case of young and innocent, in never handling or firing a gun, Jimmy Davis,",positive
Bela Lugosi appeared in several of these low budget chillers for Monogram Studios in the 1940's and The Corpse Vanishes is one of the better ones.<br /><br />Bela plays a mad scientist who kidnaps young brides and kills them and then extracts fluid from their bodies so he can keep,positive
"I cannot believe I enjoyed this as much as I did. The anthology stories were better than par, but the linking story and its surprise ending hooked me. Alot of familiar faces will keep you asking yourself ""where I have I seen them before?"" Forget the running time listed on",positive
"NO SPOILERS!!<br /><br />After Hitchcock's successful first American film, Rebecca based upon Daphne DuMarier's lush novel of gothic romance and intrigue, he returned to some of the more familiar themes of his early British period - mistaken identity and espionage. As the U.S. settled into World War II and the",positive
"I just watched The Dresser this evening, having only seen it once before, about a dozen years ago.<br /><br />It's not a ""big"" movie, and doesn't try to make a big splash, but my God, the brilliance of the two leads leaves me just about speechless. Albert Finney and Tom",positive
"So let's begin!)))<br /><br />The movie itself is as original as Cronenberg's movies would usually appear...<br /><br />My intention to see it was certainly JJL being one of my favourite actresses. She is as lovely as usual, this cutie!<br /><br />I would not say it was my favourite movie of",positive
"DON'T TORTURE A DUCKLING is one of Fulci's earlier (and honestly, in terms of story-line, better...) films - and although not the typical ""bloodbath"" that Fulci is known for - this is still a very unique and enjoyable film.<br /><br />The story surrounds a small town where a series of",positive
"I thought that Mukhsin has been wonderfully written. Its not just about entertainment. There's tonnes of subtle messages that i think Yasmin was trying to bring across. And yes, it might be confusing to some of you(especially if you didn't watch Sepet and/or Gubra for 76 times).<br /><br />I bet",positive
"I am not a golf fan by any means. On May 26 about 10:30 PM the movie started with a scene in the late 1800's. Old movies I like but not golf however, within the first scene a young boy (Harry Vardon) is awaken by the voices of men. He",positive
"It tries to be the epic adventure of the century. And with a cast like Sh Kasugi, Christopher Lee and John-Rhys Davies it really is the perfect B-adventure of all time. It's actually is a pretty fun, swashbuckling adventure that, even with it's flaws, captures your interest. It must have",positive
The Last Hard Men finds James Coburn an outlaw doing a long sentence breaking free from a chain gang. Do he and his friends head for the Mexican border from jail and safety. No they don't because Coburn has a mission of revenge. To kill the peace officer who brought,positive
This film took me by surprise. I make it a habit of finding out as little as possible about films before attending because trailers and reviews provide spoiler after spoiler. All I knew upon entering the theater is that it was a documentary about a long married couple and that,positive
"Stephen Hawkings is a genius. He is the king of geniuses. Watching this movie makes me feel dumb. But it's a great movie. Not highly entertaining, but very very intriguing. The movie centers around wheelchair bound Stephen Hawkings, a man who makes Einstein look average, and his theories and scientific",positive
"""Down Periscope"" has been in our library since it first arrived in VHS. Since then, we have acquired the DVD and a digital from Cinema Now.<br /><br />It is a quirky flick that does not go militarily overboard as either pro or con. It is first and foremost a comedy",positive
"Deanna Durbin, Nan Grey and Barbara Read are ""Three Smart Girls"" in this Universal film from 1936, which introduces Deanna Durbin to film audiences. It also stars Ray Milland, Mischa Auer, Charles Winninger, John King, Binnie Barnes and Alice Brady. It's a sweet story about three young women, now living",positive
"If anyone is wondering why no one makes movies like they used to, with conversation, character and a simple theme of friendship struggling to evolve into something new, better and different, those folks need to take in this film and see top notch writing, directing, and acting that melds into",positive
"Daniel Day-Lewis is the most versatile actor alive. English aristocratic snob in A Room With a View, passionate Irish thief in In the Name of the Father, an impudent, violent butcher in Gangs of New York (in a performance ten times stronger than Adrian Brody's in the Pianist) and as",positive
"I have been a Mario fan for as long as I can remember, I have very fond memories of playing Super Mario World as a kid, this game has brought back many of those memories while adding something new. Super Mario Galaxy is the latest installment in the amazing Mario",positive
"This short film that inspired the soon-to-be full length feature - Spatula Madness - is a hilarious piece that contends against similar cartoons yielding multiple writers. The short film stars Edward the Spatula who after being fired from his job, joins in the fight against the evil spoons. This premise",positive
I bought this game on an impulse buy from walmart. I am glad I did. It was very entertaining listening to Sean Connery and playing the game. I thought the graphics were the best I have ever seen in a movie/game remake. The bonus levels were very hard! The sniper,positive
"No, this hilariously horrible 70's made-for-TV horror clinker isn't about a deadly demonically possessed dessert cake. Still, this exceptionally awful, yet undeniably amusing and thus enjoyable cathode ray refuse reaches a breathtaking apex of absolute, unremitting silliness and atrociousness that's quite tasty in a so-execrable-it's-downright-awesome sort of way. Richard Crenna,",positive
"Marion Davies stars in this remarkable comedy ""Show People"" released by MGM in 1928. Davies plays a hick from Savannah, Georgia, who arrives in Hollywood with her father (Dell Henderson). The jalopy they arrive in is a hoot - as is Davies outrageous southern costume. Davies lands a job in",positive
"The performance of every actor and actress (in the film) are excellently NATURAL which is what movie acting should be; and the directing skill is so brilliantly handled on every details that I am never tired of seeing it over and over again. However, I am rather surprised to see",positive
"Despite later claims, this early-talkie melodrama has very little in common with ""Citizen Kane"": It's a biopic of a ruthless but human fictional plutocrat, told in flashback but hopping around time. The scriptwriter, Preston Sturges, shows none of his later gift for sparkling dialog, and none of the myriad cinematic",positive
"This is the best version (so far) that you will see and the most true to the Bronte work. Dalton is a little tough to imagine as Rochester who Jane Eyre declared ""not handsome"". But his acting overcomes this and Zelah Clark, pretty as she is, is also a complete",positive
"So well made, no CGI crap. Has anyone else been on the ""Jumping Crocs"" tour of Darwin's Adelaide River before? Black Water was WAY realistic; Rogue was a bit cringeworthy.<br /><br />Thought the blonde chick was excellent in it - haven't really seen her before. And the other chick is",positive
"The Assignment is an outstanding thriller with several plot twists driven by character, rather than star turns, the need to stage special effects, obligatory romance, and endless car chases. However, there is a car chase in here, and a dandy it is. Aidan Quinn is wonderful as both the terrorist",positive
"this is one of the finest movies i have ever seen....the stark scenery...the isolation...the ignorant bigoted people hiding behind their religion...a backdrop for some wordliness and sophistication...the acting is completely natural...but for me as a""foodie' the best is the actual choosing and preparation of the feast..i have spent time in",positive
"Set in the 1794, the second year of the French republic formed after the execution of Louis XVI, this film portrays the power struggle between the revolutionary leaders Danton (Gerard Depardieu, at his finest) and Robespierre (a commanding performance by the Polish actor Wojciech Pszoniak). The moderate revolutionary Danton has",positive
this movie gets a 10 because there is a lot of gore in it.who cares about the plot or the acting.this is an Italian horror movie people so you know you can't expect much from the acting or the plot.everybody knows fulci took footage from other movies and added it,positive
"Ingrid Bergman, playing dentist Walter Matthau's faithful receptionist who harbors a little crush on her boss, is absolutely wonderful in this film. She handles the witty repartee in the script with aplomb and steals a terrific scene where she and Goldie Hawn talk in a record booth (Ingrid's monologue is",positive
"This tale based on two Edgar Allen Poe pieces (""The Fall of the House of Usher"", ""Dance of Death"" (poem) ) is actually quite creepy from beginning to end. It is similar to some of the old black-and-white movies about people that meet in an old decrepit house (for example,",positive
"This movie was one of the best movies that I have seen this year. I didn't see any cameos in the movie, but it is still pretty good. It is similar to Anchorman in the humor department, but I think this is a better put together movie. It actually has",positive
"I remember seeing this film in the mid 80's thought it a well paced and well acted piece. I now work quite often in Berkeley Square and the had to get a copy of DVD to remind myself how little the area has changed, although my office is newish it",positive
"Two hours ago I was watching this brilliant movie which overwhelmed me with its imprisoning photography. It is quite understandable how it won the prize of Best Camera in Cannes 2000. Close ups predominated it. Close ups of walls, humans and of many other things. The warm colored lighting (which",positive
Luckily for Bill Murray this is such a light-weight project since he pretty much has to carry it. Meatballs is the story of low-rent Camp Northstar and how its counselors deal with the campers as well as one another. Then there is much made of their wealthy rivals from across,positive
"I find it very intriguing that Lee Radziwill, Jackie Kennedy's sister and the cousin of these women, would encourage the Maysles' to make ""Big Edie"" and ""Little Edie"" the subject of a film. They certainly could be considered the ""skeletons"" in the family closet. The extra features on the DVD",positive
"I just watched this movie on it's premier night out of curiosity and sheer nostalgia. I liked (not loved) ""Mork & Mindy"" as a kid, mostly for Robin William's zany energetic performance. This movie made me remember why. Was the original show great? Not really, but Robin certainly was. Which",positive
"This cute animated short features two comic icons - Betty Boop and Henry.<br /><br />Henry is the bald, slightly portly boy from the comics who never speaks.<br /><br />Well here he does speak!<br /><br />He wants to get a puppy from Betty Boop's pet store, and when he is left",positive
"I remember seeing this film in the theater in 1984 when I was 6 years-old (you do the math). I absolutely loved it. I was Tarzan for the 2 weeks after seeing it (climbing the furniture, jumping around making monkey sounds). It started a fascination with Tarzan and monkeys, but",positive
"A family is traveling through the mid West. There's widower Ben (Charles Bateman), his girlfriend Nicky (Ahna Capri) and Ben's little daughter K.T. (Geri Reischl). Then hit a town named Hillsboro where everyone acts more than a little strangely. Their car breaks down and they're forced to stay. They soon",positive
Francis Ford Coppola wrote and directed this stunningly personal story of a married woman's flight from her husband--and the reality that perhaps the youthful glee and excitement of her younger years are behind her. We learn little about this woman's marriage except that she has been feeling her independence slipping,positive
"A young girl becomes a war-time marine's pen-pal, and when he visits at war's end expecting someone a bit more ""available,"" comic complications ensue. All ultimately works out well, naturally, but not before everyone involved has thoroughly chewed the scenery. Errol Flynn's dead-on impression of Humphrey Bogart from ""Casablanca"" is",positive
"What seemed at first just another introverted French flick offering no more than baleful sentiment became for me, on second viewing, a genuinely insightful and quite satisfying presentation.<br /><br />Spoiler of sorts follows.<br /><br />Poor Cedric; he apparently didn't know what hit him. Poor audience; we were at first caught",positive
"I've always enjoyed films that depict life as it is. Life sometimes has boring patches, no real plot, and not necessarily a happy ending. ""A River Runs Through It"" is the perfect name for this film (and Norman Maclean's novel). Life ebbs and flows like a river, and it has",positive
"This movie was not so much promoted here in Greece,even though it got good actors , great script and rather good photograph was not a so called ""blockbuster"" movie in my Country. The movie itself is very powerful,it's about the hard time that a newcomer had to go through when",positive
"MYSTERY MEN has got to be THE stupidest film I've ever seen, but what a film! I thought it was fabulous, excellent and impressive. It was funny, well-done and nice to see ridiculous Super Heroes for a change! And being able to pull it off! This was great! I'll definitely",positive
"Even though I'm quite young, The Beatles are my ABSOLUTELY FAVOURITE band! I never had the chance to hear their music as it was releases but have loved them since I can remember.<br /><br />It's the sort of film that is worth trying the once. I can see why it",positive
"Originally I was a Tenacious D fan of their first album and naturally listened to a few tracks off The P.O.D. and was rather disappointed. After watching the movie, my view was changed. The movie is pretty funny from beginning to the end and found my self engaged in it",positive
The Elegant Documentary -<br /><br />Don't watch this movie ... if you're an egotistical know-all student of physics. This much less than one percent (miniscule fraction) of the population may find that this show just tells them what they have already learned and already know.<br /><br />Do watch this movie!,positive
"In 1993, with the success of the first season of Batman: The Animated Series, Warner Brothers commissioned the team responsible for the hit-show with producing a feature-length movie, originally slated for Direct-To-Video, but bumped up to theatrical status. It would become known as Batman: Mask of the Phantasm. Ten years",positive
"This movie took me by surprise. The opening credit sequence features nicely done animation. After that, we're plunged into a semi-cheesy production, betraying its low budget. The characters, typical American teens, are introduced slowly, with more personal detail than is usually found in movies like this. By the time the",positive
"An unforgettable masterpiece from the creator of The Secret of Nimh and The Land Before Time, this was a very touching bittersweet cartoon. I remember this very well from my childhood, it was funny and sad and very beautiful. Well it starts out a bit dark, a dog who escaped",positive
"It is so gratifying to see one great piece of art converted into another without distortion or contrivance. I had no guess as to how such an extraordinary piece of literature could be recreated as a film worth seeing. If you loved Bulgakov's book you would be, understandably, afraid of",positive
"I haven't read the Anne Rice novel that this movie was based on, but who knows, maybe reading the book is cheaper than renting QUEEN OF THE DAMNED and is probably better for your health. It isn't that this movie is necessarily bad for your health, but a book can",positive
"Leonard Maltin gave this film a dreaded BOMB rating in his 1995 Movie and Video Guide. What film was he looking at? Kid Vengeance or God's Gun are bombs. This film is a delight. It is fantastic. It is literate. It is well mounted. It is beautiful photographed, making a",positive
"If you wish to see Shakespeare's masterpiece in its entirety, I suggest you find this BBC version. Indeed it is overlong at four and a half hours but Jacoby's performance as Hamlet and Patrick Stewart's as Claudius are well worth the effort.<br /><br />It never ceases to amaze me how",positive
"The Golden Door is the story of a Sicilian family's journey from the Old World (Italy) to the New World (America). Salvatore, a middle-aged man who hopes for a more fruitful life, persuades his family to leave their homeland behind in Sicily, take the arduous journey across the raging seas,",positive
"Nifty little episode played mainly for laughs, but with clever dollop of suspense. Somehow a Martian has snuck aboard a broken-down bus on its way to nowhere, but which passenger is it, (talk about your illegal immigrants!). All-star supporting cast, from wild-eyed Jack Elam (hamming it up shamelessly), to sexy",positive
"I had before a feeling of mislike for all Russian films. But, after seeing this film I havenÂ´t. This is a unique masterpiece made by the best director ever lived in the USSR. He knows the art of film making, and can use it very well. If you find this",positive
"If you keep rigid historical perspective out of it, this film is actually quite entertaining. It's got action, adventure and romance, and one of the premiere casting match-ups of the era with Errol Flynn and Olivia de Havilland in the lead roles. As evident on this board, the picture doesn't",positive
"Any film about WWII made during WWII by a British production company has no latter-day peer in my opinion, respectfully. The confluence of so many things near and dear to my heart are in At Dawn We Dive: as a descendant of Admiral Horatio Nelson and student of all aspects",positive
"A brilliant horror film. Utterly gruesome and very scary too. The Thing is a remake from John Carpenter, but please, do not let that put you off this film. It is simply brilliant. The start of the film has the alien's spacecraft hurtling towards the Earth centuries before mankind walked",positive
"I absolutely love this film. Everything about it. It almost felt like watching me and my friends on screen. The way this movie was filmed was a pure masterpiece, very original and creative. I related to these characters and even had the same thoughts as some. I'm really glad I",positive
"A new way to enjoy Goldsworthy's work, Rivers and Tides allows fans to see his work in motion. Watching Goldsworthy build his pieces, one develops an appreciation for every stone, leaf, and thorn that he uses. Goldsworthy describes how the flow of life, the rivers, and the tides inspires and",positive
"I just started watching The Show around July. I found it by mistake, I was channel surfing during a Vacation. It is a great show, I just wish it wasn't on so late at night. It's on at 12:30 AM. As a working person it makes it hard to watch",positive
"This film is well cast, often silly and always funny. Lemmon and Matthau work their tag team magic to perfection. Brent Spiner is just a riot as the egotistical tyrant of a cruise director. From the first ""hare krishna"" to the last ""you ought pay him fifty bucks for calling",positive
"Normally I don't like series at all. They're all to predictable and they tend to become boring and dull very fast.<br /><br />These series however, are well played, the story follows through all episodes and even if you miss one, the story will still be catching your mind.<br /><br />The",positive
"This movie is without a doubt a perfect 10/10.. for all you people out there who are rating this film low grades because it has no ""good plot"" or anything like that, thats ridiculous, saying that a Jackie Chan movie is bad because of its plot is like saying a",positive
"I saw this at the London Film Festival last night, apparently the shorter version. James McNally's summary of the content of the film is very good. Nossiter very deftly blends his investigation of the wine business into wider concerns about globalisation, homogenisation, the effect of the mass media, the power",positive
"This movie really woke me up, like it wakes up the main male character of this bravely different movie from his life slumber.<br /><br />This guy John (Ben Chaplin) leads his mediocre safe life of a bank teller in a small provincial English town, until the stunningly gorgeous, wild, girl-to-die-for",positive
"I think this movie has got it all. It has really cool music that I can never get out of my head. It has cool looking characters. IS REALLY funny(you know, the kind that you'll crack up on the ground and you'll keep saying the funny parts over every day",positive
"Howard (Kevin Kline) teaches English at the high school in a small Indiana city. He is finally getting married to Emily (Joan Cusack), much to his parents delight. The town is abuzz, too, because one of its own, Cameron (Matt Dillon) has been nominated for an acting Oscar. Everyone, including",positive
"We usually think of the British as the experts at rendering great adventure from the Imperial age, with the likes of The Four Feathers (1939) and Zulu, simply because the Imperial age was, for the most part, British. Here, in The Wind and the Lion, we see a wonderful rendering",positive
One of Starewicz's longest and strangest short films follows a toy dog in search of an orange after becoming animated by the tear of the mother of a girl who longs for an orange. The dog comes upon an orange after falling out of the back of a car on,positive
"Nice character development in a pretty cool milieu. Being a male, I'm probably not qualified to totally understand it, but they do a nice job of establishing the restrictive Victorian environment from the start. It isn't as bleak as it really was and the treatment of women was probably even",positive
"Prussic gas, a murderer donning a red clansman suit and hood wielding a white whip, and the murders of college school girls at the hands of paid convicts enlisted by a mysterious mastermind who keeps his face hidden within an office containing aquariums of turtles and fish. The inspectors at",positive
I was very lucky to see this film as part of the Melbourne International Film Festival 2005 only a few days ago. I must admit that I am very partial to movies that focus on human relations and especially the ones which concentrate on the tragic side of life. I,positive
"I think this is one hell of a movie...........We can see Steven fighting around with his martial art stuff again and like in all Segal movies there's a message in it, without the message it would be one of many action/fighting movies but the message is what makes segal movies",positive
"I saw this movie in the theater, and was thoroughly impressed by it. Then again, that was when Claire Danes was a good actress, not the foolish, arrogant, Hollywood-ized bitch she is today. Anyway, this film really struck me as one of the more raw, realistic, beautiful friendship films. How",positive
"I've seen this film literally over 100 times...it's absolutely jam-packed with entertainment!!! Powers Boothe gives a stellar performance. As a fan of actors such as William Shatner (Impulse, 1974) and Ron Liebmann (Up The Academy, 1981)I never thought an actor could capture the ""intensity"" like Shatner and Liebmann in those",positive
"The three main characters are all hopeless, and yet you only feel sorry for one of them: Ernesto, hopelessly devoted to Mercedes. This was part of the frustration: screaming at Mercedes to get a clue and ditch the no-good Harry, to no avail.<br /><br />Then there's the satisfaction: Steve Buscemi",positive
"Reese Witherspoon first outing on the big screen was a memorable one. She appears like a fresh scrubbed face ""tween"" slight and stringy, but undeniably Reese.<br /><br />I have always liked her as an actor, and had no idea she started this young with her career, go figure. I actually",positive
This game ranks above all so far. I had the honor of playing mine on PS2 so the graphics were really good. The voice acting was above standard. The difficulty level is just right. Wesker has to be the best characters in the RE series in my opinion. The story,positive
This is yet another western about a greedy cattle baron looking to push out small ranchers and farmers. It's certainly all been done before and since. But The Violent Men is something special.<br /><br />What makes it special is Barbara Stanwyck playing the role of vixen as she often did,positive
"I Feel the Niiiiiight Heat! I feel your HEEAAAAAAAAAART-beat! Something ain't right!"" Theme song written by B.J. Cook from Skylark- David Foster's old band and wife. She also wrote the memorable theme from CBC's ""Airwaves."" OH Night Heat! What a program! Well-written, well-acted and totally classic. Crime solvers and a",positive
"Yes i'll say before i start commenting, this movie is incredibly underrated.<br /><br />Sharon Stone is great in her role of Catherine Trammell as is Morrissey as Dr glass. He is an analyst sent in to evaluate her after the death of a sports star. Glass is drawn into a",positive
"I have seen this film at least 100 times and I am still excited by it, the acting is perfect and the romance between Joe and Jean keeps me on the edge of my seat, plus I still think Bryan Brown is the tops. Brilliant Film.",positive
"Meryl Streep is such a genius. Well, at least as an actress. I know she's been made fun of for doing a lot of roles with accents, but she nails the accent every time. Her performance as Lindy Chamberlain was inspiring. Mrs. Chamberlain, as portrayed here, was not particularly likable,",positive
"Well, here's another terrific example of awkward 70's film-making! The rudimentary premise of ""What's the matter with Helen?"" is quite shocking and disturbing, but it's presented in such a stylish and sophisticated fashion! In the hands of any other movie crew, this certainly would have become a nasty and gritty",positive
"Black comedy isn't always an easy sell. Every now and then you get a black comedy that is hugely successful, like Fargo, for example. But usually they don't often find big audiences. People seem to either set their minds for comedy, or for serious mayhem. There doesn't seem to be",positive
"Back in 1994, I had a really lengthy vacation around the Fourth of July - something like 17 days off in a row what with two weeks paid vacation, weekends and the holiday itself. I stayed in town during that time, hanging out at my parents' house a lot.<br /><br",positive
"Paul Verhoeven's predecessor to his breakout hit 'Basic Instinct' is a stylish and shocking neo-noir thriller. Verhoeven has become known for making somewhat sleazy trash films, both in his native Holland and in America and this film is one of the reasons why. The Fourth Man follows the strange story",positive
"Finally! An Iranian film that is not made by Majidi, Kiarostami or the Makhmalbafs. This is a non-documentary, an entertaining black comedy with subversive young girls subtly kicking the 'system' in its ass. It's all about football and its funny, its really funny. The director says ""The places are real,",positive
"""Lost"", ""24"", ""Carnivale"", ""Desperate Housewifes""...the list goes on and on. These, and a bunch of other high-quality, shows proves that we're in the middle of a golden age in television history. ""Lost"" is pure genius. Incredible layers of personal, and psychologically viable, stories, underscored by sublime cinematography (incredible to use",positive
This is a must-see documentary movie for anyone who fears that modern youth has lost its taste for real-life adventure and its sense of morality. Darius Goes West is an amazing roller-coaster of a story. We live the lives of Darius and the crew as they embark on the journey,positive
"The message of a world on the brink of war is disregarded by the masses; the mythical city of Everytown in 1940 represents England in general, but it could just as well stand for any nation of the world. When war finally does arrive, it's ravages continue not for another",positive
"Fulci... Does this man brings one of the goriest and weirdest movies ever made? Answer: yes! Cat in the Brain, also known as Nightmare Concert is Fulci's last masterpiece. Yes it is, no matter what some people will say about it. There are few facts why this movie is one",positive
I love to watch this movie a lot because of all the scary scenes about the raptors. I like raptors because they are scary. My favorite parts are the ones where the raptor looks behind the pillar because it reminds me of a scene from the Friday the 13th movie,positive
"Some comments here on IMDb have likened Dog Bite Dog to the classic Cat III films of the 90s, but although it is undoubtedly brutal, violent and very downbeat, this film from Pou-Soi Cheang isn't really sleazy, lurid or sensationalist enough to earn that comparison. However, it still packs a",positive
"Absolute must see documentary for anyone interested in getting to the bottom of this story. Told with unflinching eye and with gripping style. If you think conspiracy theories are for paranoid disturbed people, this could change your mind. Something for you feds too: A good model for government coverups! If",positive
"I have decided to not believe what famous movie critics say. Even though this movie did not get the best comments, this movie made my day. It got me thinking. What a false world this is.<br /><br />What do you do when your most loved ones deceive you. It's said",positive
"In New Orleans, an illegal immigrant feels sick and leaves a poker game while winning the smalltime criminal Blackie (Walter Jack Palance). He is chased by Blackie and his men Raymond Fitch (Zero Mostel) and Poldi (Guy Thomajan), killed by Blackie and his body is dumped in the sea. During",positive
There have been many documentaries that I have seen in which it appeared that the law was on the wrong side of the fence - The Thin Blue Line and Paradise Lost come to mind first and foremost. But this is the first film that had me seething with anger,positive
"I saw this movie last night and thought it was decent. It has it's moments I guess you would say. Some of the scenes with the special ops forces were cool, and some of the location shots were very authentic. I won't be putting this movie in my DVD collection",positive
"Yes, I call this a perfect movie. Not one boring second, a fantastic cast of mostly little known actresses and actors, a great array of characters who are all well defined and who all have understandable motives I could sympathize with, perfect lighting, crisp black and white photography, a fitting",positive
"I would like to know if anyone know how I can get a copy of the movie, ""That's the way of the World"". It's been about 30 years since I've seen this movie, and I would like to see it again. Earth Wind & Fire transcend the nation globally with",positive
"I saw the movie ""Hoot"" and then I immediately decided to comment it. The truth is that NATURE needs protection from us because we are the dominant specie of this planet. Some people think that if they have money, they can do whatever they want to, which probably is like,",positive
"I had some reservations about this movie, I figured it would be the usual bill of fare --- a formula movie about Christmas. Being in the middle of a heat wave in late June, we decided to give it a shot anyway, maybe we would see some snow.<br /><br />This",positive
"When I first saw this film around 6 months ago, I considered it interesting, but little more. But it stuck with me. That interest grew and grew, and I wondered whether my initial boredom and response had more to do with the actual VHS quality rather than the film itself.",positive
"Focus is another great movie starring William H. Macy. I first discovered Macy in Fargo and I've seen a few of his films and he hasn't yet deceived me. Macy is the archetypal ""nice guy with something to hide"". In Focus, he plays the role of Lawrence Newman, a loyal",positive
"In ""Brave New Girl,"" Holly comes from a small town in Texas, sings ""The Yellow Rose of Texas"" at a local competition, and gets admitted to a prestigious arts college in Philadelphia. From there the movie grows into a colorful story of friendship and loyalty. I loved this movie. It",positive
"I was looking forward to The Guardian, but when I walked into the theater I wasn't really in the mood for it at that particular time. It's kind of like the Olive Garden - I like it, but I have to be in the right mindset to thoroughly enjoy it.<br",positive
"Going into see Seven Pounds i wasn't clearly sure what to think because the previews left to much open to grasp what the movie was really about. So within the first 20 min or so you are completely lost in the plot, have no idea what is going on and",positive
"I saw Brother's Shadow at the Tribeca Film Festival and loved it! Judd Hirsch and Scott Cohen are great as father and son. The film follows Scott Cohen from parole in Alaska back to his family in Brooklyn. He shows up there because his brother has died, and he embarks",positive
witty. funny. intelligent. awesome. i was flipping channels late one night years ago. came across this and a wildfire started. i was staying up late every night and taping it for everyone i know. a few. like 3 people out of the almost 100 people i made watch this didn't,positive
"It's a unique film, as it gives us our only chance to see the young Noel Coward in all his ironic glory. Because he seems so reserved & detached he's perfect for the role of an unloved cad who matter-of-factly uses all those around him. However in the deadly serious",positive
"This is definitely a ""must see"" film. The excellent Director Alain Chabat (also acting as Ceasar) has managed to capture the very essence of the ""Adventures of Astrix"" (the French comic books it's based upon) and to create a fantastically modern and intelligent comedy, which is also an homage to",positive
"I thought this movie was stunning, with completely outstanding performances by Valentina Cervi (Artemisia Gentileschi).<br /><br />Cervi portrays Artemisia so beautifully, with tentative yet confidant mannerisms, her hands mapping out an idea before moving her models into place. The passion to which Artemisia gives to her art is just spectacular",positive
"I consider myself a bit of a connoisseur of boxing movies and as such there is only one thing that prevents me from calling ""Gentleman Jim"" the best boxing movie ever made. That is the Robert Wise/Paul Newman flick ""Somebody Up There Likes Me."" That movie might be number 1,",positive
"Some people drift through life, moving from one thing or one person to the next without batting an eye; others latch on to a cause, another person or a principle and remain adamant, committed to whatever it is-- and figuratively or literally they give their word and stand by it.",positive
i really in enjoyed watching this movie. like most of the people that watched it. i wasn't sure that i was getting. Whoopi Goldberg is a very funny comedian and she has done a lot of funny movies; i.e. sister act.<br /><br />however this was not really comedy. it is,positive
"Having been a Marine, I can tell you that the D.I. is as accurate a portrayal to date depicting Marine Corp boot camp and how boys are turned into men. Jack Webb is excellent as Sgt.Jim Moore, a tough, but fair drill instructor in Paris Island North Carolina. The film",positive
Every high praise word fell way short before the height of this movie. This movie is the true example of how a psychological horror movie should be.<br /><br />The plot seems to be a bit confusing at first viewing but it will definitely explain a bit about what's going on,positive
"""Quitting"" may be as much about exiting a pre-ordained identity as about drug withdrawal. As a rural guy coming to Beijing, class and success must have struck this young artist face on as an appeal to separate from his roots and far surpass his peasant parents' acting success. Troubles arise,",positive
"I have watched this movie countless times, and never failed to be charmed by it's homely simplicity, sincerity and goodness. Great characterizations by all of the cast, and the lovely little steam trains that play a such an important supporting role.I confess I fell in love with Roberta in 1970,",positive
"Basically there's a family where a little boy (Jake) thinks there's a zombie in his closet & his parents are fighting all the time.<br /><br />This movie is slower than a soap opera... and suddenly, Jake decides to become Rambo and kill the zombie.<br /><br />OK, first of all when",negative
"This show was an amazing, fresh & innovative idea in the 70's when it first aired. The first 7 or 8 years were brilliant, but things dropped off after that. By 1990, the show was not really funny anymore, and it's continued its decline further to the complete waste of",negative
"Encouraged by the positive comments about this film on here I was looking forward to watching this film. Bad mistake. I've seen 950+ films and this is truly one of the worst of them - it's awful in almost every way: editing, pacing, storyline, 'acting,' soundtrack (the film's only song",negative
Phil the Alien is one of those quirky films where the humour is based around the oddness of everything rather than actual punchlines.<br /><br />At first it was very odd and pretty funny but as the movie progressed I didn't find the jokes or oddness funny anymore.<br /><br />Its a,negative
I saw this movie when I was about 12 when it came out. I recall the scariest scene was the big bird eating men dangling helplessly from parachutes right out of the air. The horror. The horror.<br /><br />As a young kid going to these cheesy B films on Saturday,negative
So im not a big fan of Boll's work but then again not many are. I enjoyed his movie Postal (maybe im the only one). Boll apparently bought the rights to use Far Cry long ago even before the game itself was even finsished. <br /><br />People who have enjoyed,negative
"The cast played Shakespeare.<br /><br />Shakespeare lost.<br /><br />I appreciate that this is trying to bring Shakespeare to the masses, but why ruin something so good.<br /><br />Is it because 'The Scottish Play' is my favorite Shakespeare? I do not know. What I do know is that a certain Rev",negative
"Kind of drawn in by the erotic scenes, only to realize this was one of the most amateurish and unbelievable bits of film I've ever seen. Sort of like a high school film project. What was Rosanna Arquette thinking?? And what was with all those stock characters in that bizarre",negative
"This movie made it into one of my top 10 most awful movies. Horrible. <br /><br />There wasn't a continuous minute where there wasn't a fight with one monster or another. There was no chance for any character development, they were too busy running from one sword fight to another.",negative
An awful film! It must have been up against some real stinkers to be nominated for the Golden Globe. They've taken the story of the first famous female Renaissance painter and mangled it beyond recognition. My complaint is not that they've taken liberties with the facts; if the story were,negative
"I had the terrible misfortune of having to view this ""b-movie"" in it's entirety.<br /><br />All I have to say is--- save your time and money!!! This has got to be the worst b-movie of all time, it shouldn't even be called a b-movie, more like an f-movie! Because it",negative
"First of all, let's get a few things straight here: a) I AM an anime fan- always has been as a matter of fact (I used to watch Speed Racer all the time in Preschool). b) I DO like several B-Movies because they're hilarious. c) I like the Godzilla movies-",negative
This was the worst movie I saw at WorldFest and it also received the least amount of applause afterwards! I can only think it is receiving such recognition based on the amount of known actors in the film. It's great to see J.Beals but she's only in the movie for,negative
"This film tried to be too many things all at once: stinging political satire, Hollywood blockbuster, sappy romantic comedy, family values promo... the list goes on and on. It failed miserably at all of them, but there was enough interest to keep me from turning it off until the end.<br",negative
"This movie was so frustrating. Everything seemed energetic and I was totally prepared to have a good time. I at least thought I'd be able to stand it. But, I was wrong. First, the weird looping? It was like watching ""America's Funniest Home Videos"". The damn parents. I hated them",negative
"My first exposure to the Templarios & not a good one. I was excited to find this title among the offerings from Anchor Bay Video, which has brought us other cult classics such as ""Spider Baby"". The print quality is excellent, but this alone can't hide the fact that the",negative
"I watched this film not really expecting much, I got it in a pack of 5 films, all of which were pretty terrible in their own way for under a fiver so what could I expect? and you know what I was right, they were all terrible, this movie has",negative
"I bought this film at Blockbuster for $3.00, because it sounded interesting (a bit Ranma-esque, with the idea of someone dragging around a skeleton), because there was a cute girl in a mini-skirt on the back, and because there was a Restricted Viewing sticker on it. I thought it was",negative
"The plot is about the death of little children. Hopper is the one who has to investigate the killings. During the movie it appears that he has some troubles with his daughter. In the end the serial killer get caught. That's it. But before you find out who dunnit, you",negative
"Ever watched a movie that lost the plot? Well, this didn't even really have one to begin with.<br /><br />Where to begin? The achingly tedious scenes of our heroine sitting around the house with actually no sense of menace or even foreboding created even during the apparently constant thunderstorms (that",negative
"After sitting through this pile of dung, my husband and I wondered whether it was actually the product of an experiment to see whether a computer program could produce a movie. It was that listless and formulaic. But the U.S. propaganda thrown in your face throughout the film proves--disappointingly--that it's",negative
"It had all the clichs of movies of this type and no substance. The plot went nowhere and at the end of the movie I felt like a sucker for watching it. The production was good; however, the script and acting were B-movie quality. The casting was poor because there",negative
"Of all the films I have seen, this one, The Rage, has got to be one of the worst yet. The direction, LOGIC, continuity, changes in plot-script and dialog made me cry out in pain. ""How could ANYONE come up with something so crappy""? Gary Busey is know for his",negative
"I had heard good things about ""States of Grace"" and came in with an open mind. I thought that ""God's Army"" was okay, and I thought that maybe Dutcher had improved and matured as a filmmaker. The film began with some shaky acting, and I thought, ""well, maybe it will",negative
Protocol is an implausible movie whose only saving grace is that it stars Goldie Hawn along with a good cast of supporting actors. The story revolves around a ditzy cocktail waitress who becomes famous after inadvertently saving the life of an Arab dignitary. The story goes downhill halfway through the,negative
"How this film could be classified as Drama, I have no idea. If I were John Voight and Mary Steenburgen, I would be trying to erase this from my CV. It was as historically accurate as Xena and Hercules. Abraham and Moses got melded into Noah. Lot, Abraham's nephew, Lot,",negative
"Average (and surprisingly tame) Fulci giallo which means it's still quite bad by normal standards, but redeemed by its solid build-up and some nice touches such as a neat time twist on the issues of visions and clairvoyance.<br /><br />The genre's well-known weaknesses are in full gear: banal dialogue, wooden",negative
"The 33 percent of the nations nitwits that still support W. Bush would do well to see this movie, which shows the aftermath of the French revolution and the terror of 1794 as strikingly similar to the post 9/11 socio-political landscape. Maybe then they could stop worrying about saving face",negative
"As someone has already mentioned on this board, it's very difficult to make a fake documentary. It requires tremendous skill, pacing, patience, directorial 'distance,' a plausible premise, a narrative 'flow,' and REALLY believable acting (aka GREAT acting). <br /><br />Such is not the case with 'Love Machine'. It starts to",negative
"The Hills Have Eyes II is what you would expect it to be and nothing more. Of course it's not going to be an Oscar nominated film, it's just pure entertainment which you can just lose yourself in for 90 minutes.<br /><br />The plot is basically about a group of",negative
"I laughed all the way through this rotten movie. It's so unbelievable. A woman leaves her husband after many years of marriage, has a breakdown in front of a real estate office. What happens? The office manager comes outside and offers her a job!!! Hilarious! Next thing you know the",negative
"What happened? What we have here is basically a solid and plausible premise and with a decent and talented cast, but somewhere the movie loses it. Actually, it never really got going. There was a little excitement when we find out that Angie is not really pregnant, then find out",negative
"I've just watched Fingersmith, and I'm stunned to see the 8/10 average rating for the show.<br /><br />Not only was the plot was difficult to follow, but it seems character development was randomly applied.<br /><br />The actors were adequate, but in the process of attempting to create twists and turns,",negative
"Besides being boring, the scenes were oppressive and dark. The movie tried to portray some kind of moral, but fell flat with its message. What were the redeeming qualities?? On top of that, I don't think it could make librarians look any more unglamorous than it did.",negative
An unmarried woman named Stella (Bette Midler) gets pregnant by a wealthy man (Stephen Collins). He offers to marry her out of a sense of obligation but she turns him down flat and decides to raise the kid on her own. Things go OK until the child named Jenny (Trini,negative
"Busty beauty Stacie Randall plays PVC clad, bad-ass bitch Alexandra, the faithful acolyte of Faust, an evil entity trapped in hell. Determined to free her master, the malevolent minx breaks into a warehouse to steal a magical gem vital to her success; but whilst conducting a satanic ritual to summon",negative
I really like Salman Kahn so I was really disappointed when I seen this movie. It didn't have much of a plot and what they did have was not that appealing. Salman however did look good in the movie looked young and refreshed but was worth the price of this,negative
"I'm not sure why the producers needed to trade on the name of a somewhat successful movie franchise because the title suggests that it is a sequel to the first three movies..which it is not. Even though Marques Houston did appear in ""HP3"", he played a totally different character (he",negative
"This film laboured along with some of the most predictable story lines and shallow characters ever seen. The writer obviously bought the playbook ""How to write a space disaster movie"" and followed it play by play. In particular, the stereo-typical use of astronauts talking to their loved ones from outer",negative
"Caddyshack Two is a good movie by itself but compared to the original it cant stack up. Robert Stack is a horrible replacement for Ted Knight and Jackie Mason, while funny just cant compete with Rodney Dangerfield. Ty Webb is funny, being the only character from the original. Most of",negative
Honestly - this short film sucks. the dummy used in the necro scene is pretty well made but still phony enough looking to ruin the viewing experience. the Unearthed DVD is crisp and clear and I haven't made up my mind if this helps or hinders it. If the film,negative
"Upon viewing Tobe Hooper's gem, Crocodile, in 2000, I developed a great interest in the college/crocodile niche of the exploitation/monster genre. I look forward to a wayward producer to follow up with several sequels to these delightful bonbons of camp goodness. If only Ed Wood could bring his subtle sense",negative
"Maybe it was the title, or the trailer (certainly not the interview on the DVD, which is with the director as he keeps saying ""hi, kids"" into the camera like a buffoon), but I had expectations for Entrails of a Virgin to be at least a bit of sleazy fun",negative
"The few scenes that actually attempt a depiction of revolutionary struggle resemble a hirsute Boy Scout troop meandering tentatively between swimming holes. When Sharif or, please God, Palance try their hand at fiery oratory, they sound like Kurtz swallowing a bug. The displays of strategic brilliance incorporate a map of",negative
"The story is about a psychic woman, Tory, who returns to her hometown and begins reliving her traumatic childhood past (the death of her childhood friend and abusive father). Tory discovers that her friend was just the first in a string of murders that are still occurring. Can her psychic",negative
"Oh God, I must have seen this when I was only 11 or twelve, (don't ask how) I may have been young, but I wasn't stupid. Anyone could see that this is a bad movie, nasty, gross, unscary and very silly. I've seen more impressive effects at Disneyland, I've seen",negative
"""Fate"" leads Walter Sparrow to come in possession of a mysterious novel that has eerie similarities and connections to his life, all based around the number 23. As the story unfolds in real life and fiction, Sparrow must figure out his connection to the book and how the story will",negative
"We brought this film as a joke for a friend, and could of been our worst joke to play. The film is barely watchable, and the acting is dire. The worst child actor ever used and Hasslehoff giving a substandard performance. The plot is disgraceful and at points we was",negative
This was probably the worst movie i have ever seen in my life!! It was stupid there was no plot and the special affects were ridiculous!! And i have never seen such bad acting in my life! The only good part about the movie were all the hot guys(especially Drew,negative
This is a typical Steele novel production in that two people who have undergone some sort of tragedy manage to get together despite the odds. I wouldn't call this a spoiler because anyone who has read a Steele novel knows how they ALL end. If you don't want to know,negative
Oh noes one of these attack of the Japanese ghost girl movies... i don't even remember how many i've seen. maybe it sells... but not to me. not scary at all. the japanese horror movies are have been very similar since the first one of these... also the pulling of,negative
"Nicholas Walker is Paul, the local town Reverand who's married to Martha (Ally Sheedy), but also is a habitual womanizer and decides to fake his own death to run away with his current affair, Veronica (Dara Tomanovich). However in so doing, he gets a bout of amnesia (hence the name",negative
"Hollywood movie industry is the laziest one in the entire world. It only needs a single hit to flood theaters with the same old crap re-invented over and over again. Take superheroes for example, for each X-Man and Spiderman, there are Daredevil, Elektra, Ghost Rider and Hulk. Japanese horror remakes",negative
"If you came here, it's because you've already seen this film and were curious what others had to say about it.<br /><br />I feel for you, I *really* do. And I profusely apologize as a Canadian (because that's what we do) that this film ever had to cross your eyes,",negative
"I watched this series out of curiosity,wanting to see if they could possibly and with ALL this modern technology,out do Cecil B. DeMille's classic epic of 1956, starring Charleton Heston,Yul Brenner and Sir Cedric Hardwicke. Of course, I was let down. Yes, they had all the Biblical characters correct, but",negative
"My guess would be this was originally going to be at least two parts, and thus at least a quarter longer, because otherwise how can one explain its confused, abbreviated storyline. I was never completely lost, but I was often partially lost and usually unclear on character motivation. The movie",negative
"Well, I like to watch bad horror B-Movies, cause I think it's interesting to see stupidity and unability of creators to shoot seriously good movie. (I always compare this movies to - for example - some Spielberg's works and again-and-again don't understand the huge difference in what I see.) I",negative
"This IS the worst movie I have ever seen, as well as, the worst that I will probably EVER see. I see no need to rehash what all the others have said previously, just be forewarned...<br /><br />This IS NOT one of those bad movies you think you want to",negative
"Okay, last night, August 18th, 2004, I had the distinct displeasure of meeting Mr. Van Bebble at a showing of the film The Manson Family at the Three Penny in Chicago as part of the Chicago Underground Film Festival. Here's what I have to say about it. First of all,",negative
"It is easy to tell early in this movie exactly what will happen, and who will die. It is about 4 women and a man who on a vacation. This was made during the end of the ultra Nazi seventies, when blonde women were supposedly ultra American survivors and brunettes",negative
"While Star Trek the Motion Picture was mostly boring, Star Trek The Final Frontier is plain bad. In this terrible sequel, the crew is on shore leave when they get a distress signal from the Federation that ambassadors representing Earth, Romulus and Kronos (the Klingon home world) have been kidnapped",negative
"Apparently, the people that wrote the back of the box did not bother to watch this so-called ""movie."" They described ""blindingly choreographed intrigue and violence."" I saw no ""intrigue."" I instead saw a miserable attempt at dialogue in a supposed kung fu movie. I saw no ""violence."" At least, I",negative
"I liked Boyle's performance, but that's about the only positive thing I can say. Everything was overdone to the point of absurdity. Most of the actors spoke like you would expect your 9-year-old nephew to speak if he were pretending to be a jaded, stone-hearted cop, or an ultra-evil villain.",negative
It's terrific when a funny movie doesn't make smile you. What a pity!! This film is very boring and so long. It's simply painfull. The story is staggering without goal and no fun.<br /><br />You feel better when it's finished.,negative
Usually I'm a bit of a fan of the bad eighties & early nineties film featuring now has beens...but this film is so incredibly terrible that it was a real endurance test to sit through. Guys dressing up as girls has been done to death - but never so pathetically.,negative
"I have now seen quite a few films by Pedro Almodvar, but this would have to be the most disappointing so far. This film seemed to lack the zaniness that is usually everywhere in his films, and the story just never got me interested. Many Almodvar regulars appear in this",negative
"I greatly enjoyed Margaret Atwood's novel 'The Robber Bride', and I was thrilled to see there was a movie version. A woman frames a cop boyfriend for her own murder, and his buddy, an ex-cop journalist, tries to clear his name by checking up on the dead woman's crazy female",negative
"""A bored television director is introduced to the black arts and astral projection by his girlfriend. Learning the ability to separate his spirit from his body, the man finds a renewed interest in his life and a sense of wellbeing. Unfortunately, the man discovers while he is sleeping, his spirit",negative
"Ah yes the 1980s , a time of Reaganomics and Sly , Chuck and a host of other action stars hiding in a remote jungle blowing away commies . At the time I couldn`t believe how movies like RAMBO , MISSING IN ACTION and UNCOMMON VALOR ( And who can",negative
"I am so happy and surprised that there is so much interest in this movie! Jack Frost was my introduction into the films produced and distributed by A-pix entertainment, and without exception, everything this company deals with is pure crap! First, and this is very important, never ever watch this",negative
"""Revolt of the Zombies"" proves that having the same director revamp and recycle an idea doesn't necessarily make lightning strike twice.<br /><br />The Halperin brothers, responsible for the horror classic ""White Zombie"", made this trite piece of garbage a mere few years later to cash in on its popularity and",negative
"The complaints are valid, to me the biggest problem is that this soap opera is too aimed for women. I am okay with these night time soaps, like Grey's Anatomy, or Ugly Betty, or West Wing, because there are stories that are interesting even with the given that they will",negative
"""The Danish Bladerunner"" is boldly stated on the box. Are you kidding me?! This film is a complete drag. When I'm thirsty and go for a soda in the kitchen, I usually pause the vcr, so I won't miss anything. Not this time. I actually found myself looking long and",negative
"This movie shows a clip of live animal mutilation of an animal getting hacked by a machete and getting its skin ripped off. I know these horrible things happen in the world, but Im watching movies based on the fact that what Im watching is not actually happening on the",negative
"Anyone who thinks Kool Moe Dee, Carol Alt, and Corey Feldman comprise a list of good actors must be smoking something I'd love to try sometime. Where to begin: lousy soundtrack, hammy acting, ""action"" in places. This is the typical amateurishly written hack fodder that washed-up has-been and never-was's love",negative
"This film could have been a decent re-make, and gosh knows it tried (or Ms. English tried). Assembling talented actors together with a successful & experienced writer/director should be a formula for a decent film. But Ms. English's experience - according to her IMDb bio - is exclusively limited to",negative
C'mon guys some previous reviewers have nearly written a novel commenting on this episode. It's just an old 60's TV show ! This episode of Star Trek is notable because of the most serious babe (Yeoman Barrow's) ever used on Star Trek and the fact that it was filmed in,negative
"I caught this film on AZN on cable. It sounded like it would be a good film, a Japanese ""Green Card"". I can't say I've ever disliked an Asian film, quite the contrary. Some of the most incredible horror films of all time are Japanese and Korean, and I am",negative
"Before I begin, let me get something off my chest: I'm a huge fan of John Eyres' first film PROJECT: SHADOWCHASER. The film, a B-grade cross of both THE TERMINATOR & DIE HARD, may not be the work of a cinematic genius, but is a hugely entertaining action film that",negative
Ye Lou's film Purple Butterfly pits a secret organization (Purple Butterfly) against the Japanese forces in war torn Shanghai. Ding Hui (Zhang Ziyi) and her ex-lover Hidehiko Itami (Toru Nakamura) find themselves on opposite sides of the conflict after a chance meeting.<br /><br />I agree with the reviewer from Paris.,negative
"After hearing about George Orwell's prophetic masterpiece for all of my life, I'm now 37, but never having read the book, I am totally confused as to what I've just seen.<br /><br />I am very familiar with the concepts covered in the novel, as i'm sure most are, but only",negative
"I just got back from this free screening, and this ""Osama Witch Project"" is the hands-down worst film I've seen this year, worse than even ""Catwoman"" - which had the decency to at least pass itself off as fiction.<br /><br />In ""September Tapes,"" a ""film crew"" of ""documentary journalists"" heads",negative
This movie was not very well directed. they almost totally disregarded the book.I guess they were trying 2 save time. the only upside 2 me was that the actor who played finny was cute. Some of the dialog between the main characters appeared a little gay which was not the,negative
"The buzz for this film has always been about the fabulous graphics that make Kevin Bacon disappear. Sadly, they stopped there. They should have continued to make the script disappear, then the silly set, and finally every visible element of this film. Because, there's nothing else there to show.<br /><br",negative
"This movie is a perfect adaptation of the English Flick Unfaithful. Ashmit plays the role of Richard Gere, Emran that of Olivier and Malikka the perfect cheating wife role of Lane.They have changed the second half of the film to adapt for the Indian masses. <br /><br />Even then the",negative
"Robert Altman's downbeat, new-fangled western from Edmund Naughton's book ""McCabe"" was overlooked at the time of its release but in the past years has garnered a sterling critical following. Aside from a completely convincing boom-town scenario, the characters here don't merit much interest, and the picture looks (intentionally) brackish and",negative
"I don't think I've ever gave something a 1/10 rating, but this one easily gets the denomination. I find it hard just to sit through one of his jokes. It's not just that the jokes are so bad, but combine that with the fact that Carson Daily has zero charisma,",negative
"In the standard view, this is a purely awful movie. However, it rates a near perfect score on the unintentional comedy scale. I can think of few actual comedies that make me laugh as hard as I did watching this movie. Andy Griffith's ghost dressed in Native American garb dancing",negative
"From the film's first shot - Keira Knightley as Elizabeth Bennet wandering reading through a field at dawn, thus invoking all the clichs cinema has developed to address the phenomenon of the strong-minded rebellious female character in period drama - I knew I was in for something to make me",negative
"The story is very trustworthy and powerful. The technical side of the movie is quite fine.. even the directing of it. The main problem is with the castings, that turned that movie into almost another local and regular clich with a great lack of impact and even greater lack of",negative
"You know that mouthwash commercial where the guy has a mouth full of Listerine or whatever it is and he's trying really hard to keep from spitting it up into the sink? That's a great metaphor for this movie. I kept watching, even though it was really difficult. But keeping",negative
"I can't believe it that was the worst movie i have ever seen in my life. i laughed a couple of times. ( probably because of how stupid it was ) If someone paid me to see that movie again i wouldn't. the plot was so horrible , it made",negative
"This is one of a rarity of movies, where instead of a bowl of popcorn one should watch it with a bottle of vodka. To be completely honest we are a group of people who actually know the man, Mo Ogrodnik, and decided to drink ourselves stupid to this film.<br",negative
"An American Werewolf in London had some funny parts, but this one isn't so good. The computer werewolves are just awful: the perspective is all off, it's like seeing them through a distorting mirror. The writers step on the throat of many of their gags. American boy says to Parisian",negative
"This is just one more of those hideous films that you find on Lifetime TV which portray the abhorrent behavior of some disgusting woman in an empathetic manner. Along with other such nasty films as ""The Burning Bed,"" ""Enough,"" or ""Monster,"" this film takes a disgusting criminal and attempts to",negative
"The premise of this movie was decent enough, but with sub par acting, it was just bland and dull.<br /><br />SPOILERS The film does not work because of the nature of the death, it was accidental, so although it was a murder it wasn't like the guy set out to",negative
"The Lives of the Saints starts off with an atmospheric vision of London as a bustling city of busy, quaint streets and sunshine. I was hoping it would maintain this atmosphere, but it gets bogged down in a story that goes pretty much nowhere.<br /><br />Othello works for big, fat",negative
"I can't emphasize it enough, do *NOT* get this movie for the kids.<br /><br />For that matter, you'd best spare the adults from it as well.<br /><br />All right, perhaps I'm overexaggerating a little. This isn't the worst kids' movie... no, let me rephrase that. This isn't the worst movie",negative
"Is nothing else on TV? Are you really bored? Well, then watch Phat Beach. However, don't rent it and definitely DO NOT buy it. That would be a big mistake.<br /><br />I watched this on TV and found myself laughing at certain points. I did not laugh long and I",negative
I think this movie was supposed to be shocking. But the only way in which it is indeed shocking is how shocking badly it's been made ...and simply is. It's one-and-a-half hour of torment. Even more so for the viewer than for the characters in the movie (the five girls).<br,negative
"Why can't a movie be rated a zero? Or even a negative number? Some movies such as ""Plan Nine From Outer Space"" are so bad they're fun to watch. THIS IS NOT ONE. ""The Dungeon of Horror"" might be the worst movie I've ever seen (some of anyway. I HAD",negative
"Though I'd heard that ""Cama de Gato"" was the worst Brazilian movie of the decade, I watched it giving it a chance; after all, first-time director/producer/writer Alexandre Stockler managed to make his debut feature (shot in video) for just US$ 4,000 and -- though it looks even cheaper -- I",negative
"This movie was a failure as a comedy and a film in general. It was a very slow paced movie that seemed to be trying to convey a message, but the message was a clich, hopeless mess to begin with. This movie falls on shameless environmental point, even making a",negative
"This movie is very violent, yet exciting with original dialog and cool characters. It has one of the most moving stories and is very true to life. The movie start off with action star Leo Fong as a down and out cop who is approaching the end of his career,",negative
"The day has finally come for me to witness the perpetuation of Azumi's fate as an assassin, fruition of her character and the ultimate attempt to draw me deeper into the world she rampaged through so mercilessly during the first saga.<br /><br />That's as poetical as I'll get when talking",negative
This has to be the worst piece of garbage I've seen in a while.<br /><br />Heath Ledger is a heartthrob? He looked deformed. I wish I'd known that he and Naomi Watts are an item in real life because I spent 2 of the longest hours of my life wondering,negative
"A very ordinary made-for-tv product, ""Tyson"" attempts to be a serious biopic while stretching the moments of angst for effect, fast forwarding through the esoterics of the corrupt sport of boxing, and muddling the sensationalistic stuff which is the only thing which makes Tyson even remotely interesting. A lukewarm watch",negative
"I'm sure deep in the recesses of Jack Blacks mind the character of Nacho Libre is absolutely hilarious but no it isn't. You can tell ol Jacks having a whale of a time hammin it up playing a smarmy, slimy Mexican friar with dreams of becoming a wrestler but this",negative
"While I count myself as a fan of the Babylon 5 television series, the original movie that introduced the series was a weak start. Although many of the elements that would later mature and become much more compelling in the series are there, the pace of The Gathering is slow,",negative
I don't believe there has ever been a more evil or wicked television program to air in the United States as The 700 Club. They are today's equivalent to the Ku Klux Klan of the 20th century. Their hatred of all that is good and sweet and human and pure,negative
I watched mask in the 80's and it's currently showing on Fox Kids in the UK (very late at night). I remember thinking that it was kinda cool back in the day and had a couple of the toys too but watching it now bores me to tears. I never,negative
"Phantasm ....Class. Phantasm II.....awesome. Phantasm III.....erm.....terrible.<br /><br />Even though i would love to stick up for this film, i quite simply can't. The movie seems to have ""sold out"". First bad signs come when the video has trailers for other films at the start (something the others did not). Also",negative
"Ludicrous. Angelic 9-year-old Annakin turns into whiny brat 19-year-old Annakin, who somehow seems appealing to Amidala, 5 years his senior. Now 22-year-old Jedi warrior hero Annakin has a couple of bad dreams, and so takes to slaughtering children, his friends, and the entire framework of his existence because a crazy",negative
"Scotty (Grant Cramer, who would go on to star in the great B-movie ""Killer Klowns from outer space"") agrees to help three middle-aged guys learn how to 'dialog' the ladies in this bad '80's comedy. Not bad as in '80's lingo, which meant good. Bad as in bad. With no",negative
"The film quickly gets to a major chase scene with ever increasing destruction. The first really bad thing is the guy hijacking Steven Seagal would have been beaten to pulp by Seagal's driving, but that probably would have ended the whole premise for the movie.<br /><br />It seems like they",negative
Interesting and short television movie describes some of the machinations surrounding Jay Leno's replacing Carson as host of the Tonight Show. Film is currently very topical given the public drama surrounding Conan O'Brien and Jay Leno.<br /><br />The film does a good job of sparking viewers' interest in the events,negative
"No one can say I wasn't warned as I have read the reviews (both user & external), but like most of us attracted to horror movies... curiosity got this cat. (Come on, we all scream at the people in the movie not to go into the dark room, but you",negative
"If you liked William Hickey in ""Prizzi's Honor"", he resurrects his character, as Don Anthony in ""Mob Boss"". This is a very weak ""Godfather"" satire with few laughs. Stuart Whitman looks perplexed as to what he's doing in this schlock-fest? Morgan Fairchild's performance is one of the better efforts in",negative
"I have seen most, if not all of the Laurel & Hardy classic films. I have always enjoyed there comical stupidly, even after watching it over and over again. This new film attempts to bring back the classic with two new actors who resemble both Laurel & Hardy, however fails",negative
"I have just given a 10 for Thieves Highway, I mention this for two reasons one to prove I'm not a git who only gives bad reviews but 2 because the theme of the film has the same thread namely the falling in love with a woman of the night.<br",negative
"This movie was terrible. The plot was terrible and unbelievable. I cannot recommend this movie. Where did this movie come from? This movie was not funny and wasted the talent of some great actors and actresses including: Gary Sinise, Kathy Bates, Joey Lauren Adams, and Jennifer Tilly.",negative
"I strongly dislike this show. I mean, like, basically everyone at that school is perfect, and rich, and I doubt a boarding school would look as cool as that. And why do they suddenly allow girls into the school? Isn't that just a little weird? anyways, Jamie Lynn spears CANNOT",negative
holy Sh*t this was god awful. i sat in the theater for for an hour and ten minutes and i thought i was going to gouge out my eyes much in the manor Oedipus Rex. dear god. this movie deserves no more credit than anything done by a middle school,negative
"I can't believe this movie managed to get such a relatively high rating of 6! It is barely watchable and unbelievably boring, certainly one of the worst films I have seen in a long, long time.<br /><br />In a no-budget way, it reminded me of Star Wars Episodes I and",negative
Ed Wood rides again. The fact that this movie was made should give any young<br /><br />aspiring film maker hope. Any screenplay you might have thought of using to<br /><br />line a litterbox or a birdcage should now not seem that bad. Do not watch this movie unless you have,negative
"This sports a nice, deep cast but for a thriller you better deliver more than name actors and talk. The first third of this movie was nothing but talk, and more talk. Most of that was a bunch of women bitching about everything to each other. <br /><br />The first",negative
"When the opening shot is U.S. Marines seriously disrespecting the U.S. flag, a movie has a tough road ahead, but unfortunately it was downhill from there. There is a military adviser credited, who is also apparently a retired U.S. Marine, making it even more baffling that this incredible breach of",negative
"I had been looking forward to seeing Dreamgirls for quite a while...what with all it's raving reviews, nominations and media attention. And I must say, the first quarter of the movie was good! It really portrayed the black music scene back then. However, as the movie wore on, me and",negative
This movie is really bad. Most of it looks like it was filmed either in a park or a basement. There's a giant spider but all we see of it is one leg. There are some worms that live in a cave that are just cheap sock puppets with cardboard,negative
"This movie is not worth anything. I mean, if you want to watch this kind of stuff, flip to Hollywood movies! This totally is a disgrace to the Bollywood name. Neal N Nikki seriously sucked! Never watch this movie. As for the actors, it appears the acting genes skipped a",negative
"Apparently, The Mutilation Man is about a guy who wanders the land performing shows of self-mutilation as a way of coping with his abusive childhood. I use the word 'apparently' because without listening to a director Andy Copp's commentary (which I didn't have available to me) or reading up on",negative
"This movie was absolutely pathetic. A pitiful screenplay and lack of any story just left me watching three losers drool over bikini babes. At times I felt like I was watching an episode of Beavis and Butthead. I couldn't even sit through the whole movie. Emran Hashmi disappoints, and Hrshitta",negative
"This movie fails miserably on every level. I have an idea, let's take everyone involved in this movie and ship them into a hot zone in the middle east. Maybe if we're lucky they'll all be shot and killed and we won't have to ever have our time wasted by",negative
"Based on a Edgar Rice Burroughs novel, AT THE EARTH'S CORE provides little more than means to escape and give your brain a rest. A Victorian scientist Dr. Abner Perry(Peter Cushing)invents a giant burrowing machine, which he and his American partner(Doug McClure)use to corkscrew their way deep into the earth",negative
"This show makes absolutely no sense. Every week, two ladies go to an estate to do some gardening, and every week without fail, they somehow stumble upon a murder. Because everyone who owns a big house with a large garden is involved in a murder, right? But even if they",negative
"This movie was so bad it was funny! For awhile there I thought I was actually watching a parody of a bad movie (a la ""For Your Consideration""). The ""cliffhanger"" scene at the end had me laughing until my insides hurt. The script was dreadful enough, but coupled with Sean",negative
"'Airport 4' is basically a slopped together mess for Universal Studios to try and work a new twist - the Concorde supersonic airliner - into their 'disaster-in-the-sky' formula.<br /><br />Bogged down with unintentional humor, the best of which is when George Kennedy sticks his hand out of Concorde's window at",negative
"Supposedly a ""social commentary"" on racism and prison conditions in the rural South of the 1970's, ""Nightmare"" is full of bad Southern stereotypes, complete with phoney accents. Not only would it be offensive to the sensibilities of most American Southerners, this tawdry piece of work comes off as just a",negative
"OK, I bought this film from Woolworths for my friend for a joke present on his birthday, because the front cover had a sexual innuendo in it.<br /><br />But we decided it to watch it anyway. Just for hilarity purposes.<br /><br />And I'm sorry, but this has got to be,",negative
"Insignificant and low-brained (haha!) 80's horror like there are thirteen in a dozen, yet it can be considered amusing if you watch it in the right state of mind. The special effects are tacky, the acting atrocious and the screenplay seems to miss a couple of essential paragraphs! ""The Brain""",negative
"Does anyone remember the alternative comedy show THE COMIC STRIP PRESENTS . One edition featured Charles Bronson ( Robbie Coltrane ) being interviewed about his new movie GLC :<br /><br />"" It's about a man , an ordinary man whose wife and family gets wiped out by creeps and I",negative
"Resnais, wow! The genius who brought us Hiroshima Mon Amour takes on the challenge of making a 1930s French musical in vibrant colour. The opening voice-over with old, embellished inter-titles was a nice touch. Then the camera aperture opens (like the old hand crankers) on a black & white placard.",negative
"I saw this movie in the middle of the night, when I was flipping through the channels and there was nothing else on to watch. It's one of those films where you stop to see what it is - just for a moment! - but realize after twenty minutes or",negative
"This movie takes the plot behind the sci-fi flick ""Doppelganger"" (an astronaut from our Earth crashing on a 'counter-Earth' on the opposite side of the Sun, and the Cold War totalitarian vibes on that world) and tries to turn it into a pilot for a TV series. However, the whole",negative
"I accept that most 50's horror aren't scary by today's standards, but what the hell is this? When you see a title like this you expect to see blood and a blood thirsty beast. Instead we get no blood at all and a beast who either wants to take over",negative
Demon Wind is about as much fun as breaking your legs. It is definitely an awful example of a film. So awful in fact that I don't even consider it a movie. I describe it more as a thing ... a monstrous thing. A thing that must be stopped at,negative
"There is a difference between a ""film,"" and a ""movie."" A film, regardless of quality, is ready for public consumption. A movie is what a group of friends gets together to make over the course of a weekend with a camcorder. In my time as a viewer, I have seen",negative
"please re-watch all 3 series and do not go see this movie, the trailer is completely misleading and the 3 weakest characters in the series stretch a badly thought out 25min TV episode into the most painful 2hrs of my life, truly an awful film. tubbs and edward are in",negative
"Sometimes you just have to have patients when watching indie horror. If you can just toe-tap your way through the slow-paced early scenes, sometimes a real gem will present itself... This (unfortunately) was not the case with ""Satan's Whip"".<br /><br />Written and directed by Jason Maran, ""Satan's Whip"" attempts to",negative
"Tainted look at kibbutz life<br /><br />This film is less a cultural story about a boy's life in a kibbutz, but the deliberate demonization of kibbutz life in general. In the first two minutes of the movie, the milk man in charge of the cows rapes one of his calves.",negative
